"","Symbol","logFC","FDR"
"1","Picalm",-0.741738668411486,6.15655896806435e-05
"2","Lrp2bp",1.32711057862759,0.000180448600751147
"3","Flnb",0.802648357906177,1.12710597017695e-13
"4","Rbm48",-0.703889833125766,0.00106853460077257
"5","Pik3c2b",0.656723116016556,0.00210372190896123
"6","Eda2r",-0.697287118752159,6.98490104829508e-06
"7","Map3k6",-1.63007734206245,1.27792183136643e-07
"8","Agmo",-0.852939787817873,0.00886425836110216
"9","Bmf",-0.993333693169993,0.00106853460077257
"10","Aldh1a2",1.33216872074496,9.75970428983413e-06
"11","Zfyve21",-0.923506128235008,0.000970509658444371
"12","Pim3",-1.02576916964108,2.56534399143062e-06
"13","Fnbp1",0.754965638497297,0.00271011146321852
"14","Rasgrp3",0.766158850283094,9.97459590993209e-07
"15","Taf15",0.881446988365903,0.00138367728854449
"16","Gm5105",0.893019857483791,0.000406432685392941
"17","H2-Q7",1.04979431358306,0.00487929365711336
"18","Tm4sf1",0.591998475516322,0.00278597667874332
"19","Fkbpl",-0.771286962958643,0.00662369598026634
"20","Cadm3",0.80010116510825,0.00177429662327322
"21","Lrrc30",-1.60085588877668,0.00230767535179149
"22","B3galt1",0.866724891155434,0.00497365605026068
"23","Alpk1",1.62931625974077,0.00724875187144002
"24","Klf9",-1.08753832075552,5.40276251811675e-27
"25","Scd2",0.828741651237393,5.75189740436593e-06
"26","Rora",-0.635934486095483,0.000182322988284419
"27","Fhl3",-1.02579215353143,2.76894634518956e-16
"28","Taf7",-0.84038607591613,6.57220832977824e-08
"29","Lpin1",-0.947952920535176,1.34467967950439e-16
"30","Fibin",-1.92466018429333,5.28489487240635e-17
"31","Arhgef10",0.689372246016082,9.4318257015176e-05
"32","Cyren",-2.30904991000237,1.54509837975608e-44
"33","Ampd3",-0.689535806190953,0.00651968851479521
"34","Kif1a",1.47231391515458,0.000209563132495896
"35","Sh3rf2",0.604263597956847,0.00572528480404529
"36","Myo1e",-0.865927644383627,2.41242960053169e-09
"37","Prodh",-0.899165894266746,0.00118907251225355
"38","Plac9a",0.679834943221472,0.00820617926411679
"39","Pitpnc1",0.668664973365873,0.000286551322933777
"40","Hnrnpul2",0.581369299388263,0.000438975482330963
"41","H1f2",-1.05499612832128,3.74459846872439e-15
"42","Wnt5a",0.849929086299059,0.00768285367750125
"43","Doc2b",-2.27541708490451,0.000319680284738586
"44","Jam2",0.701958028921509,9.52833835146423e-07
"45","Cadm1",0.741545725186943,0.000342515083005263
"46","Pim1",-1.15438408090119,3.1011998496704e-05
"47","Akap5",1.47921261813405,0.0029420523428829
"48","Ky",2.07772767323808,1.33859504874696e-07
"49","Taf8",-0.715084067112633,0.000404002469025839
"50","Slc30a2",-0.694594142929143,0.003183254705979
"51","Irf2bpl",-0.87517102521291,8.64891861596781e-06
"52","Arrdc3",-2.52747581150036,5.0878314899202e-18
"53","Oasl2",1.56400416356127,0.00377225156808526
"54","Mcf2l",-0.702770410357063,0.000707679279257113
"55","Pde7a",-0.639236817867115,9.31420356356556e-09
"56","Arhgef15",0.992365233895796,3.23002459261449e-05
"57","Zfas1",-0.987682068696791,0.000119315654443764
"58","Pthlh",1.99988845495924,3.13885584342373e-06
"59","Kank4",1.0628713275053,0.00802791884656447
"60","Tmem37",-0.75087220649212,9.32911283291291e-06
"61","Rbm20",-0.751945040378831,6.01112512422026e-07
"62","Ylpm1",0.591614802822485,0.000300785364250988
"63","Nfkbil1",-0.763280477843588,0.00978261504051538
"64","Ppp1r15a",-1.3682767666769,2.0432614394927e-15
"65","Ctsl",-0.656837230862954,2.93661745323703e-07
"66","Tmem25",0.911303149085065,0.0062683749258869
"67","Ptpn14",0.645331623437073,0.00133027104453989
"68","1110002E22Rik",0.852345785069391,2.08487679656658e-07
"69","Otud1",0.871575724670651,0.00497176227923018
"70","Lonrf3",-1.21820636131566,1.42124241537935e-05
"71","Pik3cd",0.934936766622626,0.00197057458485176
"72","Adrm1",-0.651692622647558,1.49068802040292e-05
"73","Ube4a",-0.769903130160115,5.75189740436593e-06
"74","Atp6v1h",-0.855373046180631,9.87331325576807e-08
"75","Zfyve1",-0.989977538818668,2.5425515891639e-19
"76","Tle4",-0.637965024062271,5.74359248298213e-06
"77","Cacna1i",-2.66347873643591,6.50635137170288e-07
"78","Serpinh1",0.656102925739948,0.00346160821789458
"79","Bcl6b",1.48194196326057,5.63147383238906e-05
"80","Slfn3",1.81385935213728,0.00497365605026068
"81","Tagln",0.606088850678945,0.00774175734821508
"82","Sra1",-0.580775039664249,0.000151577992325205
"83","Scn2a",1.28248714800609,0.00849560254639731
"84","Tpm4",0.62423220948802,4.3375303585737e-05
"85","Rassf4",-0.870624759700981,0.00884004143837288
"86","Sncg",1.33362160055541,0.0002970736283016
"87","Ankrd26",0.811306503253995,0.00220838809331214
"88","Sacs",0.730197442160814,2.02356880334338e-08
"89","Chac1",-1.80559210675923,0.00686332752416366
"90","Mt1",-1.7618050570272,0.000349505114091739
"91","Hr",-1.08022277875774,8.20476193552962e-11
"92","Tacc2",-1.01264522066129,7.33316041864905e-16
"93","Fbxo32",-1.60744865188653,1.36451546478419e-21
"94","Gfpt2",0.725654376880943,0.00106853460077257
"95","Podxl",1.1312840401349,1.23332322296417e-13
"96","Plcl1",1.0702182753438,3.68703240367045e-07
"97","Gpm6a",1.09330264518417,0.00271457759783054
"98","Emilin2",0.829770167261244,7.73713648690453e-05
"99","Foxo1",-1.61738837648586,6.8380145127804e-13
"100","Anapc16",-0.795777106488332,4.77165426156893e-08
"101","Zfand5",-1.07685981451226,3.7297750703197e-27
"102","Ccdc50",0.581590324731054,6.60412260822499e-05
"103","Cd274",1.17920230660995,0.00799968019945415
"104","Gm4841",0.966817223123962,0.00706599804164848
"105","Efr3b",1.14140225305141,2.70757435215459e-07
"106","Map2k3",-0.868721857821422,2.73377646401861e-12
"107","Acot1",-1.52902606575445,3.37680572640839e-08
"108","Chkb",-0.738714042819944,0.003183254705979
"109","Slc40a1",-0.81456508211088,9.31014611750015e-08
"110","Zfp422",-0.635111496600158,0.00112067120281546
"111","Itfg2",-0.899494817447695,0.000176119157709789
"112","Gbp9",0.840673135601116,1.2664111268643e-05
"113","Snhg1",-1.58357913666352,9.08372679159946e-07
"114","Ythdf2",-0.594786910730259,1.54310201750833e-06
"115","Angptl4",-2.32419931087354,4.74939105532047e-19
"116","5031434C07Rik",2.29408959394012,0.000711106430100417
"117","Zc3h10",-0.663671224378352,0.00517379686018983
"118","Iigp1",1.28583626073441,0.000108912574029756
"119","Foxp2",0.899894229397161,0.00776813005643764
"120","Actc1",-2.34908060907345,0.00120459419776507
"121","Gbp10",-1.8198370153397,0.000102802165492694
"122","Cirbp",-0.680320352667526,5.86205713490094e-05
"123","Rbfox2",0.655031519185597,6.19534322371864e-09
"124","Trim63",-2.94284086687419,2.59574347516518e-14
"125","Ciart",1.72764278771152,0.000998063587157598
"126","Kdm2b",0.640529769087544,0.00221285987066439
"127","Tmem184b",0.740969718804967,0.000901364384541821
"128","Ulk1",-0.748777012140836,1.1694882758019e-07
"129","Sema6d",0.794293000253399,1.53551465812105e-06
"130","Cth",-1.39365987422915,0.00111387887008505
"131","Cpa3",1.39629644254451,0.000393830107150674
"132","Polr1b",-0.783181267725655,1.03063476207173e-06
"133","Pdp2",-1.43025823100606,6.14790321388043e-09
"134","Rgcc",-1.08851646122652,2.56585680832467e-09
"135","Slc2a3",-0.691606036322203,0.00812034430609779
"136","Fmo2",-0.917730833123715,1.18580767204168e-05
"137","Sun2",-0.729128195012161,1.01274294193697e-09
"138","Pirb",1.17609292699093,0.00614375365370379
"139","Bach1",-1.04829547508565,1.69927333826239e-24
"140","Tcp11l2",-1.53945811440892,3.76150495136939e-20
"141","Pnpla2",-0.755398106833489,3.73198716843484e-05
"142","Acvr1",0.734619752466859,0.00928118825810855
"143","Cdkn1a",-1.67810883798915,0.00346160821789458
"144","Dbp",2.04219219684628,1.3035692891157e-05
"145","Flna",0.807120489120258,2.63251458030842e-06
"146","Txnip",-0.63878307324341,7.67729760706323e-14
"147","Heatr5a",0.672603228342609,3.39766854563216e-07
"148","Fam114a1",0.74595706798997,0.00304167127930899
"149","Depp1",-4.73690535113937,5.58194309609375e-16
"150","Nfe2l2",-0.598765607694686,1.047350723106e-05
"151","Faap100",-0.649043110776644,0.00183765382256698
"152","Hmgb2",-1.04363111413201,2.77843946475851e-05
"153","Coq10b",1.44313103925179,0.00811082083937361
"154","Tnfaip2",1.34603588594092,9.03620637817763e-15
"155","Prkca",-0.596210275762094,0.00735274885839532
"156","Lsmem1",0.585053117862345,0.00338031310524435
"157","Tysnd1",-0.599847400143443,0.0040699444362419
"158","Tgtp1",1.74096901419115,0.000387397556701979
"159","Calhm5",-1.27763981404804,0.00328639847891454
"160","Zfp36",-1.2541958538519,2.51396305003666e-05
"161","Ddx20",-0.628000338974492,0.00139362122659834
"162","Rarb",1.45637828695779,9.46049572687769e-16
"163","Sec24a",-0.612194821931403,0.00412982839447161
"164","Zfp46",0.757737866980992,6.57220832977824e-08
"165","Ston2",0.668027023718019,1.54449584374536e-07
"166","Usp3",-0.819773054935358,9.97459590993209e-07
"167","Eif4ebp1",-1.36724077498307,2.18013478150998e-34
"168","Itgb6",1.10255528644625,2.33130984567761e-10
"169","Rpl22l1",-0.742329614246304,0.000775754356218112
"170","Slx4",0.661012185093028,0.00500128073503316
"171","Tceal5",0.808912109724081,0.00213558479435873
"172","Ehhadh",-1.58153109301109,2.49256095118283e-10
"173","Angptl7",-2.44384212364782,0.00500810636171208
"174","Ncbp2",0.596561278508383,0.00700585037138792
"175","Myf6",-0.9893176008873,4.74713763627891e-08
"176","Rnf150",0.678108301851115,8.30785618007708e-06
"177","Gck",-1.39597796128096,2.64368060237507e-06
"178","Kbtbd13",0.695731657194281,0.00131704986711683
"179","Thnsl1",0.66328687364793,0.00429555775263708
"180","Hmga2-ps1",-1.42243353271748,4.2228830182019e-05
"181","Lvrn",-1.10028258239162,1.10192899523511e-06
"182","Relt",1.0747147978647,3.23922973509905e-07
"183","Clec3b",0.872866811606605,0.00543388380870138
"184","Sik1",-1.0788033756591,0.000172776664460622
"185","Smtn",1.00442884774521,5.6838671553108e-12
"186","Mcam",0.600150857909909,5.36376954466163e-05
"187","Rnf125",-1.11366821122632,2.4109391783387e-05
"188","Cxxc5",0.718931119679012,0.00128130167165706
"189","Cry2",-0.741447274503566,8.72735418151973e-06
"190","Ets1",0.658763747485309,2.1746018706222e-07
"191","Aurka",0.908953927329936,0.00466165482972564
"192","Tmem52",-0.795220647957918,0.000998186771647325
"193","Snhg5",-1.09413523477019,5.23947848291152e-09
"194","Cavin1",0.596068857568049,1.5396039205796e-08
"195","6430548M08Rik",-1.53641532157544,0.00419149112342146
"196","Stx4a",0.752031370461192,5.91410202063068e-07
"197","Utrn",0.592919354088787,9.41807771349517e-08
"198","Cd248",0.965887029356809,1.22666580496261e-05
"199","Slc35e4",-0.76527460112809,3.06416608528107e-08
"200","Crhr2",0.80123765094729,0.000970509658444371
"201","Clip1",-1.14668911354054,1.9246571371876e-13
"202","Cmah",1.30123689988214,0.00497176227923018
"203","Agfg2",-0.958987454296292,0.00487929365711336
"204","Zc2hc1c",-1.02949001734372,5.86076053338036e-05
"205","Eci2",-0.598969534342465,7.29475519364827e-06
"206","Enox2",-0.89028694957822,3.13383809210561e-05
"207","Mettl21e",-2.31508520980388,1.38145385839583e-10
"208","Cd55os",1.26474321741846,0.00218838505913077
"209","Ccn1",-1.11537652250007,1.02276616121246e-07
"210","Akap12",0.781057404239541,3.09755949106935e-10
"211","Tbc1d24",0.919325022705996,2.04624376882369e-05
"212","6430571L13Rik",1.60205871529155,1.03354517579294e-12
"213","Synpo2",0.661582412327099,2.47091571975818e-05
"214","Il6ra",-1.24614197099947,3.17641748315844e-09
"215","Zfp710",0.708171054053106,6.06888525625914e-06
"216","Zfp771",-0.818415405823804,0.00021011241192646
"217","Cblb",-1.22129682221628,7.8657181583297e-18
"218","Zfp462",0.710105528533384,0.000102114540543136
"219","Gm18852",1.71424430817866,0.00120175840605742
"220","Ndrg1",0.72860947995834,4.2228830182019e-05
"221","Gucd1",-1.23075836536479,1.14450995063766e-24
"222","Mylip",-0.626641781289647,0.000729817451887811
"223","Chodl",-0.956577660824182,0.000706947933777671
"224","Oser1",-0.641909507054542,1.0355988545898e-05
"225","Hmox1",-1.48164417596137,3.58308868426839e-07
"226","Vegfa",0.775662008472883,4.75267124711313e-06
"227","Rnase4",-0.63617330482883,0.000133080405160363
"228","Lmod3",0.591503112981439,0.00253623089620476
"229","Stab1",0.837894921615942,2.61898016789256e-06
"230","Gm15441",-0.658541576814634,3.67606752021269e-11
"231","Aldh1l1",-0.71320936180709,0.00204228470243914
"232","Cebpb",-1.54428747750802,8.37125745290998e-21
"233","Pik3r1",-0.94689176764436,0.00778150286696779
"234","Zfp143",-0.701866023419308,1.3369996827055e-05
"235","Exph5",-1.37736537899249,1.85853352809599e-08
"236","Thbs1",-1.79058521866831,0.0001339315040861
"237","Tsc22d3",-1.36789445175386,2.53554145705767e-19
"238","Ccnd1",1.26226221268654,1.07896462177132e-05
"239","Glul",-2.50407459553538,2.96646612151545e-09
"240","Tgtp2",1.61269309126074,0.000597526854647704
"241","Riox1",-1.05481047135801,6.60412260822499e-05
"242","Ifrd1",-0.965983408971806,1.54449584374536e-07
"243","Hpgd",-1.0922529504599,0.00387851354332756
"244","Npc1",-0.940055247146121,4.98526265685938e-17
"245","Tmed5",-0.672011079274036,8.71678621005021e-07
"246","Mthfr",-0.702352033719818,0.00509171862826174
"247","Sertad2",-0.732663225105357,3.92880674420702e-07
"248","4930402H24Rik",0.804794061605576,0.00527813750819284
"249","Cd200",1.0236154967504,1.67241140669775e-05
"250","Klf10",-1.36352584318889,2.65144384394463e-18
"251","Tob1",1.04152770029702,8.38595287805435e-14
"252","Ddx56",-0.668822515704318,0.00494779459895078
"253","Srsf5",-0.694672467881789,2.70595526879653e-05
"254","Mir8114",-1.91311818114012,2.40597696311797e-05
"255","Mchr1",1.42151468924341,0.00225171625480948
"256","Trp53inp1",-0.82932601755151,1.40675382369539e-06
"257","Sesn1",-1.8954745151356,1.39821889248406e-24
"258","Kctd2",0.70808363234405,0.00190246006649561
"259","Spns2",-0.826043839238675,9.50932315624475e-08
"260","Itga6",0.713277822821143,9.45336020773582e-05
"261","Ret",1.33613007195295,0.000358101058467585
"262","Gvin1",1.34811732415922,1.23667419743457e-08
"263","Gnl3",-0.655978155500287,1.89812564057481e-06
"264","Cep85l",-1.2645675463782,2.74302278287175e-24
"265","D230025D16Rik",-1.0789260284586,5.49704407771735e-07
"266","Map1b",0.642980417337309,0.000286551322933777
"267","Per1",-1.09351265689212,9.26674496183711e-08
"268","Fbxo31",-0.721420032875739,8.20836963529708e-12
"269","Nfil3",-2.30158570591395,1.76023064826906e-09
"270","Spock2",-0.963929347411617,0.00220921878772409
"271","Hmgn5",1.04555648694631,0.00932469898328256
"272","Acss1",-0.844772712362797,4.06008524117293e-05
"273","Nfkbia",-0.649322686972557,0.000143742183832436
"274","Hbegf",-1.02991067407403,1.95769019289173e-05
"275","Cers1",0.806868784829832,0.00011508321426864
"276","Rbm12b2",0.621215731556778,0.00457406198931089
"277","Ifi203",0.989309740028299,0.00392943521849598
"278","Col1a1",-0.814408117330421,0.000648159927813937
"279","Grtp1",1.62649752661688,4.69094156085626e-06
"280","Myl9",0.676649916739646,0.00069939017096877
"281","Sobp",0.824991442643016,1.05755698237269e-05
"282","H2-Q9",1.04979431358306,0.00487929365711336
"283","Clpx",-0.608684731874741,2.168724403816e-06
"284","Kctd20",-0.601140194435849,1.2380820368336e-07
"285","Rhbdf2",-0.852491947794136,1.12563918334223e-07
"286","Tgfbr3",-0.741874472660253,7.2476455799715e-07
"287","Col6a6",0.935034243545869,0.00597036409457126
"288","Nufip1",-0.819305405691741,2.22210757759628e-05
"289","Fkbp5",-1.99978997038366,0.00041132000099421
"290","Nhs",1.19127647008071,0.000188237998343247
"291","Fam78a",0.915802913152929,0.000151173793072848
"292","Ptx3",0.937336704689108,0.00504886442846485
"293","Odf3l2",-2.23331399433791,1.047350723106e-05
"294","Calm2",1.17871430780401,8.92636907040999e-15
"295","Cnn2",0.914030606977243,0.000116582671024102
"296","Nr1d2",0.711319434346105,2.20374473297912e-10
"297","Thap2",1.2255845739494,4.30068418909331e-08
"298","Uba7",1.63631763848854,0.000577688024135799
"299","Tiam2",-0.611755309303874,0.00625282646363382
"300","Inka2",0.74854988171893,0.00950562131646838
"301","Tmem140",-2.3517914129579,1.03312075941228e-43
"302","Col6a5",2.13271536710992,0.00884004143837288
"303","Setbp1",-0.7444317440352,4.81813469618727e-05
"304","Ppp1r3c",-1.68587153258448,8.98891605631991e-06
"305","Mapk1ip1",-1.05019518699115,1.95738409328134e-10
"306","Fgfbp1",-1.18265555397857,0.00756235403302495
"307","Atp1b1",0.610443641561022,0.00401895129802911
"308","Anp32b",0.904018416176516,0.00133803019938091
"309","Agrn",0.627912785986906,0.00693908932113399
"310","Aqp4",0.659403874542844,0.000351710871462948
"311","Zwint",-0.610963770420161,2.35945696213891e-05
"312","A330094K24Rik",1.17484887808052,9.04719681540987e-05
"313","Epb41l4aos",-1.33016931555595,5.24010435404863e-05
"314","Mt2",-1.79091937175702,0.00921342567512975
"315","Plau",-0.589957795996433,5.59509933196914e-06
"316","Rc3h1",-0.634701241470316,1.80826445065433e-10
"317","Mal",1.26346160008602,0.00900141501422336
"318","Lonrf1",-0.824569532585102,0.00583884054048148
"319","Arhgap26",-1.84573528891117,1.39451949476257e-09
"320","Slc43a1",-2.13514619264478,8.18003889655764e-24
"321","Igfbp5",0.797698843731404,7.94227951455948e-05
"322","Osgin1",-0.824051791857109,0.00770514692413408
"323","Tbc1d8b",0.635969397101887,0.00774336906242386
"324","Sphk2",0.769135966788612,1.83592330332131e-05
"325","Actn1",0.762852703369597,0.00976932872223038
"326","Pla2g4e",-0.913355242637131,2.39842909325059e-06
"327","Hnrnpa2b1",0.681870956381333,2.90117653915413e-08
"328","E230016M11Rik",-1.33461633877924,5.22532800638019e-05
"329","Lrrc38",0.893142401583715,0.00224422274754707
"330","Pdlim5",-0.747024719924446,7.1634271512161e-11
"331","Stk17b",-0.651871169615434,0.0057570182491722
"332","Cebpd",-3.05466512244686,4.03057447383989e-08
"333","Myadm",0.61763174495723,0.0025407614848038
"334","Tbc1d14",0.588506427733428,0.00546431819693076
"335","Ehd3",-0.642459709155648,0.00964135151605475
"336","Nav2",0.918783895119279,7.88512863808571e-05
"337","Lmo2",0.871667673923301,0.00438166434407903
"338","Nr1d1",0.997748321243513,9.52027379173526e-15
"339","Acer2",-1.18528575665252,0.00988963630502161
"340","Tuba1a",0.692867974284739,0.000755558865503169
"341","Btg1",-0.59318858027849,0.000951971918716607
"342","Fktn",0.856230170939672,1.13805691501563e-08
"343","Per3",1.06105591622431,1.50406635575654e-06
"344","Cnksr1",-0.676477340378144,4.71571644671329e-08
"345","Adcy7",0.86339734716652,0.00448981765380901
"346","Acta2",1.10009425211453,0.0025240350081515
"347","Rrs1",-0.738895558725164,4.2228830182019e-05
"348","Zranb1",-0.603680533027185,7.76331814388584e-15
"349","Lox",-1.68112873467487,2.64008891127932e-17
"350","Rabep2",-0.835610751524109,0.000144057149564196
"351","Gm11266",1.29623248471159,0.00429555775263708
"352","Snhg12",-1.67624626492502,1.53600776426743e-07
"353","Gadd45a",-1.43887813976148,1.30970208230264e-10
"354","Lgi2",1.19955718705471,0.00126100755622967
"355","Pdp1",0.700247043036859,5.03231242974885e-12
"356","Ctxn3",-0.829599417003521,0.000349505114091739
"357","Gm15816",0.611989676871809,1.06019062994164e-10
"358","Slc9a3r2",0.743263451297743,2.39842909325059e-06
"359","Ahdc1",0.739807887416409,8.30785618007708e-06
"360","Slc12a2",-0.667319458244264,6.06888525625914e-06
"361","Wbp1l",-1.14692191627423,7.22547708964796e-16
"362","Cd209d",1.52810145922468,0.004936134924248
"363","Nmrk2",2.71483919627468,1.97240848461918e-43
"364","Twf2",-0.852146869732432,8.4855708002382e-05
"365","Cited2",-0.834380042123344,0.00120459419776507
"366","Zbtb2",-0.729311264330306,0.000102141253169563
"367","Slc39a14",-0.941543480168186,0.000977555182041533
"368","Klhl38",-1.60398710852125,8.45917336695296e-19
"369","Klf15",-1.03961446308804,1.43770769254555e-09
"370","Nrip1",-0.622426104341149,0.000118284907858201
"371","Retreg1",-1.53127307843005,3.08374502123749e-23
"372","Bnip3",-0.681903593930538,1.10893801410164e-10
"373","Ddit4",-4.01715061093021,4.81012630145219e-05
"374","Irf2bp2",-0.974174091766219,1.41148454235539e-14
"375","Pbx1",0.581223429475962,0.00064934620146953
"376","Btg2",-1.29902132793257,6.06888525625914e-06
"377","Fam166a",-0.667238060669096,0.000799631963557084
"378","5930430L01Rik",1.1481793826175,0.000617473646020041
"379","B230307C23Rik",-0.771573017713393,1.3035692891157e-05
"380","Slc35f5",-0.625950084457474,1.6769377768452e-05
"381","Zcchc2",-0.6109313630277,9.71540233666505e-05
"382","Gabarapl1",-0.957415826063059,3.37085489014044e-08
"383","Abca8b",0.612403910258809,8.52462434166632e-06
"384","Rbl2",-0.707689164381079,7.38716875014565e-12
"385","Dynll2",0.788681872910354,1.81708562394515e-07
"386","Mocs1",-1.11100613004761,9.65336159955361e-08
"387","Rnf213",0.741821156507548,1.65329819803993e-09
"388","Maff",-1.058210746722,0.00253623089620476
"389","Bmpr1b",-0.67426982858639,7.15401817692981e-06
"390","Gm18853",1.71424430817866,0.00120175840605742
"391","Gbp4",1.08350880142264,0.00814967923368847
"392","Arntl",-1.20649875649982,1.14957830602498e-07
"393","Actn4",0.582020282389255,0.000384737146719941
"394","Pfkfb4",-0.856657087393355,3.07646953055151e-13
"395","Galnt15",-1.54935248800926,0.000210208248192518
"396","Net1",-0.945672678461714,6.06888525625914e-06
"397","Gdf10",1.06092142184252,0.0068342809893869
"398","Sptbn5",1.30817856920654,0.00367276197422479
"399","Hnrnph3",0.683429482929171,0.000143263599093227
"400","Ppargc1b",1.0162129559921,1.15399381650494e-08
"401","Mafk",-0.732731547105942,0.000113748516989514
"402","Tmpo",-0.727883593913691,1.64326825105452e-07
"403","Prom1",-1.36058468713667,2.22521549358348e-06
"404","Tppp3",0.623531261517139,0.00299953687843893
"405","Lzts1",1.18750243614493,0.00745370800295011
"406","Ddi2",-0.907545000235507,5.78427285443354e-13
"407","Nr3c2",0.626430318110258,7.28265142120722e-05
"408","Ubc",-1.60753124123915,6.72394683924549e-07
"409","Sfrp5",1.36079611961961,3.15054175597397e-06
"410","Ankrd9",-0.92990545201267,1.04965055719009e-06
"411","Prickle3",-0.934968373312771,8.26391263104578e-07
"412","Ucp3",-1.27004935214091,5.18522798882164e-13
"413","Slc16a3",-0.786018578893726,1.36468160102233e-08
"414","Fbp2",-1.53130420861998,1.08804450954857e-12
"415","Ccnd2",1.04698118596682,3.11734724563501e-05
"416","Parp8",0.649813050713605,2.19634012962298e-05
"417","Hspa12a",0.92524873217333,5.79793230720511e-05
"418","Sec14l5",1.56410671442175,2.14433153546616e-08
"419","Pex16",-0.650146968248279,0.00261243704772076
"420","Spsb1",-1.13846263671389,0.000642299959164022
"421","Lrrc58",-1.09234909764192,6.10795717407187e-14
"422","Nrp1",0.596742417223463,3.30862540424718e-06
"423","Erbin",-0.72031388289519,3.6797633641798e-07
"424","Kcnf1",-1.89223529274525,4.04369336796067e-05
"425","Ermp1",0.642100171218542,7.15375886254909e-05
"426","Kdr",1.01634262626682,1.75657782418352e-10
"427","8430426J06Rik",1.4589715626331,0.00509802723260739
"428","Pmp22",0.83964037543188,0.00107614394110899
"429","Mir22hg",-0.677487413013382,0.00068909243354889
"430","Tbc1d1",-0.852661088408296,2.77921011481528e-12
"431","Nepro",-0.814496933553731,0.000628272504656903
"432","Asxl1",-0.63675349365191,0.000151104917898998
"433","Prg4",-1.02932612345411,1.27792183136643e-07
"434","Asb5",-0.659987093516425,3.46639088866941e-09
"435","Efhd1",0.863705888947489,0.00507912593454438
"436","0610040F04Rik",1.09963427043629,0.00553767167148251
"437","Slc43a3",-0.786990043344069,0.000112244710089205
"438","Bcl2l11",-1.01372165205209,7.04816130943297e-08
"439","A830010M20Rik",0.684657412534252,0.00529085678062219
"440","Mc5r",0.924156829031917,0.00392943521849598
"441","2410006H16Rik",-1.89384441372473,2.3243907266348e-16
"442","Ppp1r3d",-1.02202681728259,0.00209197575133841
"443","Zbtb16",-1.36224994383074,1.32486755240053e-05
"444","Utp14b",1.09287664925107,0.00140129152903677
"445","Nr4a1",0.659079036191508,0.000286551322933777
"446","Vat1l",2.01061366568712,0.00286089562212233
"447","Dusp7",-0.653878665503598,0.000548710548194541
"448","Prob1",-0.587946769465443,7.10568891094451e-07
"449","Gas7",0.704747633339228,0.00157022050898474
"450","Armcx4",0.914774396108683,5.9058380473984e-08
"451","Slc16a9",-1.24306856758221,1.41855721815576e-08
"452","Tnfaip3",0.918431918263975,0.00546431819693076
"453","Cyp27a1",-0.743790440125173,1.11449351536688e-10
"454","Plxna4",0.753610274001199,0.00241856718540262
"455","Atf4",-0.639018769199918,9.35112146253266e-09
"456","Tob2",-0.989717530518757,3.51339936997621e-07
"457","Hdac9",1.56575873199811,1.28575231578128e-10
"458","Bcam",0.744843971072851,8.09609781463988e-09
"459","Mndal",1.30683686597743,0.000455526351348934
"460","Anxa3",0.782155913255448,1.89581050430525e-05
"461","Gdf1",0.799770668269999,0.000172776664460622
"462","Malat1",0.999786169705867,3.46026079097484e-32
"463","Foxo3",-0.936468938031661,1.35147438116184e-09
"464","Mcpt4",1.2678835330991,0.00378336814729799
"465","D430041D05Rik",0.780902889317505,0.000924812668032275
"466","Tfdp2",-0.963329940428464,9.12703621558339e-20
"467","Itpkb",0.645130410596942,0.000167462405784557
"468","Tspan11",1.50802432527023,0.00958057242725518
"469","Acot2",-1.3795553784556,0.000178299774765287
"470","Sorbs3",-1.00580608015142,2.91120070345295e-16
"471","Cldn5",-1.02760352436092,8.58427906199876e-08
"472","Col1a2",-0.643743256900891,4.08045811000269e-05
"473","Gramd1b",-0.937755188848711,2.43557686462744e-05
"474","Pdk4",-1.43861447422667,9.46947454001977e-18
"475","Plin4",-1.33356409440008,2.06280137830566e-06
"476","Apbb3",-1.38413413689386,1.89581050430525e-05
"477","Itgb4",1.52645239753784,7.35782267742718e-08
"478","A330023F24Rik",0.851263017326504,0.000182322988284419
"479","Ddx28",-0.916322268784946,1.01010166423992e-05
"480","Adh1",-0.931276683511033,2.42797641939224e-06
"481","Trafd1",-0.617602173548309,4.77670972060375e-07
"482","S100b",1.73962226670036,0.00436932470525764
"483","Flrt2",0.65824455778694,0.000850350469807248
"484","Pea15a",0.636239820678217,1.66999805976201e-07
"485","Lmod1",1.0106226477198,0.00611643419977386
"486","Arrdc2",-2.13921424487697,3.99373119310069e-07
"487","Tmc7",0.59325401678307,0.0007633446203409
"488","Rsc1a1",-1.03369466268339,2.0432614394927e-15
"489","Dhrs3",-0.623262016279587,0.00101350859972695
"490","Cc2d2a",0.644020564475321,0.000755558865503169
"491","Rps11",-0.616664918118282,7.88512863808571e-05
"492","Slc7a2",-1.2852698032849,4.69278130782568e-10
"493","Nox4",-1.18306584546205,1.04021500667182e-05
"494","Ninj1",-0.589927569726381,0.00531695049590655
"495","Neat1",0.776898413129035,1.39682535868533e-08
"496","Gpcpd1",-0.60203901908438,7.84673175328654e-07
"497","Pde4a",1.04738199164701,5.53921904930104e-14
"498","Gpt2",-1.11647506674109,1.1835108052473e-10
"499","Myc",-0.887178494069957,0.00637634031263644
"500","Sdc4",-0.777216240050689,1.1410371563134e-06
"501","Dnmt3a",0.714088312073111,4.63933918520239e-08
"502","Apol10b",1.420549337001,0.0055214753887931
"503","Cspg4",0.658948976395361,4.23985079021804e-05
"504","Dbt",-0.609941265490968,0.00181872945565867
"505","Gpat3",-1.25308034012228,1.25812473093692e-08
"506","Bhlhe41",0.835325061937957,2.84774770972144e-06
"507","Tnrc18",0.594541247763769,0.000988384771109144
"508","Slc7a8",-1.31858496127437,3.80077191204134e-06
"509","Serpinb5",-20.8612327230533,5.08781119941953e-06
"510","Ccdc84",-1.05008451050519,0.00359342655900712
"511","Tfcp2l1",-0.903102231363724,1.07474897498065e-09
"512","Mras",0.992439577654621,3.13885584342373e-06
"513","Mrtfa",1.41004656048562,1.77868994554617e-09
"514","Tut1",-0.69997257369131,0.000328585609148157
"515","Tgif1",-1.98021663188109,2.0432614394927e-15
"516","Sema5a",1.03073206590989,7.16675004793195e-07
"517","Acvr1b",-1.07652282881709,2.68122327704493e-18
"518","Sorbs2",-0.621408441918926,0.00120459419776507
"519","St3gal1",0.839212049563342,0.00198345887074085
"520","Col15a1",0.783778474720255,1.63141357152772e-05
"521","Gbp6",-1.55204387852047,0.00337334087600215
"522","Dynll1",0.892053612530034,0.00100467056555018
"523","Ppm1d",-0.614518677367491,0.00384427293391314
"524","Pcdh12",1.24519737712469,1.54449584374536e-07
"525","Bhlhe40",1.38956257082284,1.33570653030778e-15
"526","Vwa1",1.00902688836297,5.53116738877733e-07
"527","Rusc2",-0.646879648278404,4.81012630145219e-05
"528","Fam111a",0.947628972063885,0.00611813293938826
"529","Dchs1",0.728841177548442,0.00304607031003915
"530","Gm4070",1.34811732415922,1.23667419743457e-08
"531","Tnfrsf12a",-1.56825796688098,3.7718267947272e-14
"532","Syt12",-1.00857147552758,0.00692636105133078
"533","Cpeb2",0.730616689266449,0.00849560254639731
"534","Gnb5",0.753251060283387,0.00079167886453083
"535","Septin3",2.02988463863046,0.000565446819804041
"536","Lepr",-1.06447816934493,0.00120093439380764
"537","Prex1",0.59095603500309,0.0047483407156443
"538","Aifm2",-0.728262968158394,0.00614199020963824
"539","Rrbp1",0.695902847935122,1.30970675083858e-05
"540","Tmem233",0.696026921689335,2.43885618046466e-05
